{"cameraMode":{"drawMode":0,"name":"Shaded","section":"Shading Mode"},"sceneLighting":false,"audioPlay":false,"sceneViewState":{"m_AlwaysRefresh":false,"showFog":true,"showSkybox":false,"showFlares":true,"showImageEffects":true,"showParticleSystems":true,"showVisualEffectGraphs":true,"m_FxEnabled":true},"in2DMode":false,"pivot":{"x":-42.44912338256836,"y":5.698787212371826,"z":-88.05137634277344},"rotation":{"x":0.018031110987067224,"y":-0.9819628596305847,"z":0.13487668335437776,"w":0.1312747597694397},"size":0.38568004965782168,"orthographic":false}